listing_url,id,objectID,ownerID,userExternalID,sourceID,state,geography,purpose,price,product,productLabel,rentFrequency,referenceNumber,projectNumber,title,title_l1,title_l2,title_l3,title_l4,title_l5,title_l6,title_l7,title_l8,description,description_l1,description_l2,description_l3,description_l4,description_l5,description_l6,description_l7,description_l8,descriptionTranslated,descriptionTranslated_l1,descriptionTranslated_l2,descriptionTranslated_l3,externalID,slug,location,category,project,createdAt,approvedAt,updatedAt,touchedAt,reactivatedAt,rooms,baths,area,score,score_l1,score_l2,score_l3,photoCount,videoCount,panoramaCount,photos,floorPlans,floorPlan,videos,panoramas,amenities,phoneNumber,contactMethodAvailability,contactName,agency,active,hasExactGeography,verification,isVerified,furnishingStatus,extraFields,type,offplanDetails,completionStatus,completionDetails,paymentPlans,paymentPlanSummaries,agentAdStoriesCount,cityLevelScore,indyScore,indyScore_l1,indyScore_l2,indyScore_l3,hasMatchingFloorPlans,hidePrice,locationPurposeTier,plotArea,coverPhoto,record_number
https://www.bayut.com/property/details-15756475.html,12279660,12279660,2469645,2469645,1,active,"{'lat': Decimal('25.046102472911'), 'lng': Decimal('55.204879928087')}",for-sale,1451202.0,premium,default,,SL-1BR-ELECTRA-13-OP,,Stunning 1-Bed | Prime Location | Modern Finishes,شقة في أليك تر،الضاحية 14،قرية جميرا الدائرية 1 غرفة 1451202 درهم - 15756475,位于朱美拉环形村(JVC)，JVC第14区，Electra 1 卧室的公寓 1451202 AED - 15756475,"Квартира в Джумейра Вилладж Серкл (ДЖВС)，JVC Дистрикт 14，Electra, 1 спальня, 1451202 AED - 15756475","Wohnung in Jumeirah Village Circle (JVC)，JVC District 14，Electra, 1 schlafzimmer, 1451202 AED - 15756475","Appartement à Jumeirah Village Circle (JVC)，JVC District 14，Electra, 1 chambre, 1451202 AED - 15756475","Apartamento en Jumeirah Village Circle (JVC)，JVC District 14，Electra, 1 dormitorio, 1451202 AED - 15756475","Appartamento a Jumeirah Village Circle (JVC)，JVC District 14，Electra, 1 camera da letto, 1451202 AED - 15756475","Appartement in Jumeirah Village Circle (JVC)，JVC District 14，Electra, 1 slaapkamer, 1451202 AED - 15756475","Introducing an exquisite 1-bedroom apartment in Electra, set within the thriving community of Jumeirah Village Circle, District 14. This immaculate residence exemplifies modern living, featuring an expansive layout complemented by stylish finishes and abundant natural light. 

Key Highlights:
- 1 spacious bedroom, 2 elegant bathrooms
- Generous built-up area of 893 sq. ft. 
- Contemporary furnishings and design
- Panoramic views from well-appointed windows
- Ample parking spaces for residents
- Low-rise, family-friendly environment
- Strong investment potential with high rental demand

Nearby Facilities:
Nearest school: Gem International School - 1.5 km
Nearest restaurant: Caffé Nero - 500 m
Nearest airport: Dubai International Airport - 30 km

Step inside to discover a thoughtfully laid-out floor plan, featuring modern aesthetics and high-end fittings. The apartment's welcoming atmosphere is ideal for relaxation and entertaining, positioning it perfectly for end-users or investors. 

Experience the vibrant lifestyle that Jumeirah Village Circle offers, with lush parks, retail hubs, and community events at your doorstep. 

For more detailed information or to schedule a viewing, contact Royce International Realty today and seize this exceptional opportunity!","نقدم شقة رائعة بغرفة نوم واحدة في إلكترا تقع ضمن مجتمع قرية جميرا النابض بالحياة، المنطقة 14. يجسد هذا المنزل الأنيق الحياة العصرية، حيث يتميز بتصميم واسع يكمله تشطيبات أنيقة وضوء طبيعي وفير. 

أبرز الأحداث:
- غرفة نوم واحدة واسعة، حمامين أنيقان
- مساحة بناء واسعة تبلغ 893 قدم مربع. 
- الأثاث والتصميم المعاصر
- مناظر بانورامية من نوافذ مجهزة جيدا
- مساحات واسعة لوقوف السيارات للسكان
- بيئة منخفضة الارتفاع وصديقة للعائلات
- إمكانات استثمارية قوية مع طلب إيجاري مرتفع

المرافق القريبة:
أقرب مدرسة: مدرسة جيم الدولية - 1.5 كم
أقرب مطعم: كافيه نيرو - 500 متر
أقرب مطار: مطار دبي الدولي - على بعد 30 كم

ادخل لتجد مخطط أرضية مصمم بعناية ويتميز بجماليات حديثة وتجهيزات راقية. الأجواء المرحبة في الشقة مثالية للاسترخاء والترفيه، مما يجعلها مثالية للمستخدمين النهائيين أو المستثمرين. 

اختبر نمط الحياة النابض بالحياة الذي تقدمه دائرة قرية جميرا، مع حدائق فخمة، ومراكز تجارية، وفعاليات مجتمعية على عتبة بابك. 

للحصول على معلومات أكثر تفصيلا أو لتحديد موعد للمشاهدة، تواصل مع شركة رويس إنترناشونال ريالتي اليوم واغتنم هذه الفرصة الاستثنائية!","Introducing an exquisite 1-bedroom apartment in Electra, set within the thriving community of Jumeirah Village Circle, District 14. This immaculate residence exemplifies modern living, featuring an expansive layout complemented by stylish finishes and abundant natural light. 

Key Highlights:
- 1 spacious bedroom, 2 elegant bathrooms
- Generous built-up area of 893 sq. ft. 
- Contemporary furnishings and design
- Panoramic views from well-appointed windows
- Ample parking spaces for residents
- Low-rise, family-friendly environment
- Strong investment potential with high rental demand

Nearby Facilities:
Nearest school: Gem International School - 1.5 km
Nearest restaurant: Caffé Nero - 500 m
Nearest airport: Dubai International Airport - 30 km

Step inside to discover a thoughtfully laid-out floor plan, featuring modern aesthetics and high-end fittings. The apartment's welcoming atmosphere is ideal for relaxation and entertaining, positioning it perfectly for end-users or investors. 

Experience the vibrant lifestyle that Jumeirah Village Circle offers, with lush parks, retail hubs, and community events at your doorstep. 

For more detailed information or to schedule a viewing, contact Royce International Realty today and seize this exceptional opportunity!","Introducing an exquisite 1-bedroom apartment in Electra, set within the thriving community of Jumeirah Village Circle, District 14. This immaculate residence exemplifies modern living, featuring an expansive layout complemented by stylish finishes and abundant natural light. 

Key Highlights:
- 1 spacious bedroom, 2 elegant bathrooms
- Generous built-up area of 893 sq. ft. 
- Contemporary furnishings and design
- Panoramic views from well-appointed windows
- Ample parking spaces for residents
- Low-rise, family-friendly environment
- Strong investment potential with high rental demand

Nearby Facilities:
Nearest school: Gem International School - 1.5 km
Nearest restaurant: Caffé Nero - 500 m
Nearest airport: Dubai International Airport - 30 km

Step inside to discover a thoughtfully laid-out floor plan, featuring modern aesthetics and high-end fittings. The apartment's welcoming atmosphere is ideal for relaxation and entertaining, positioning it perfectly for end-users or investors. 

Experience the vibrant lifestyle that Jumeirah Village Circle offers, with lush parks, retail hubs, and community events at your doorstep. 

For more detailed information or to schedule a viewing, contact Royce International Realty today and seize this exceptional opportunity!","Introducing an exquisite 1-bedroom apartment in Electra, set within the thriving community of Jumeirah Village Circle, District 14. This immaculate residence exemplifies modern living, featuring an expansive layout complemented by stylish finishes and abundant natural light. 

Key Highlights:
- 1 spacious bedroom, 2 elegant bathrooms
- Generous built-up area of 893 sq. ft. 
- Contemporary furnishings and design
- Panoramic views from well-appointed windows
- Ample parking spaces for residents
- Low-rise, family-friendly environment
- Strong investment potential with high rental demand

Nearby Facilities:
Nearest school: Gem International School - 1.5 km
Nearest restaurant: Caffé Nero - 500 m
Nearest airport: Dubai International Airport - 30 km

Step inside to discover a thoughtfully laid-out floor plan, featuring modern aesthetics and high-end fittings. The apartment's welcoming atmosphere is ideal for relaxation and entertaining, positioning it perfectly for end-users or investors. 

Experience the vibrant lifestyle that Jumeirah Village Circle offers, with lush parks, retail hubs, and community events at your doorstep. 

For more detailed information or to schedule a viewing, contact Royce International Realty today and seize this exceptional opportunity!","Introducing an exquisite 1-bedroom apartment in Electra, set within the thriving community of Jumeirah Village Circle, District 14. This immaculate residence exemplifies modern living, featuring an expansive layout complemented by stylish finishes and abundant natural light. 

Key Highlights:
- 1 spacious bedroom, 2 elegant bathrooms
- Generous built-up area of 893 sq. ft. 
- Contemporary furnishings and design
- Panoramic views from well-appointed windows
- Ample parking spaces for residents
- Low-rise, family-friendly environment
- Strong investment potential with high rental demand

Nearby Facilities:
Nearest school: Gem International School - 1.5 km
Nearest restaurant: Caffé Nero - 500 m
Nearest airport: Dubai International Airport - 30 km

Step inside to discover a thoughtfully laid-out floor plan, featuring modern aesthetics and high-end fittings. The apartment's welcoming atmosphere is ideal for relaxation and entertaining, positioning it perfectly for end-users or investors. 

Experience the vibrant lifestyle that Jumeirah Village Circle offers, with lush parks, retail hubs, and community events at your doorstep. 

For more detailed information or to schedule a viewing, contact Royce International Realty today and seize this exceptional opportunity!","Introducing an exquisite 1-bedroom apartment in Electra, set within the thriving community of Jumeirah Village Circle, District 14. This immaculate residence exemplifies modern living, featuring an expansive layout complemented by stylish finishes and abundant natural light. 

Key Highlights:
- 1 spacious bedroom, 2 elegant bathrooms
- Generous built-up area of 893 sq. ft. 
- Contemporary furnishings and design
- Panoramic views from well-appointed windows
- Ample parking spaces for residents
- Low-rise, family-friendly environment
- Strong investment potential with high rental demand

Nearby Facilities:
Nearest school: Gem International School - 1.5 km
Nearest restaurant: Caffé Nero - 500 m
Nearest airport: Dubai International Airport - 30 km

Step inside to discover a thoughtfully laid-out floor plan, featuring modern aesthetics and high-end fittings. The apartment's welcoming atmosphere is ideal for relaxation and entertaining, positioning it perfectly for end-users or investors. 

Experience the vibrant lifestyle that Jumeirah Village Circle offers, with lush parks, retail hubs, and community events at your doorstep. 

For more detailed information or to schedule a viewing, contact Royce International Realty today and seize this exceptional opportunity!","Introducing an exquisite 1-bedroom apartment in Electra, set within the thriving community of Jumeirah Village Circle, District 14. This immaculate residence exemplifies modern living, featuring an expansive layout complemented by stylish finishes and abundant natural light. 

Key Highlights:
- 1 spacious bedroom, 2 elegant bathrooms
- Generous built-up area of 893 sq. ft. 
- Contemporary furnishings and design
- Panoramic views from well-appointed windows
- Ample parking spaces for residents
- Low-rise, family-friendly environment
- Strong investment potential with high rental demand

Nearby Facilities:
Nearest school: Gem International School - 1.5 km
Nearest restaurant: Caffé Nero - 500 m
Nearest airport: Dubai International Airport - 30 km

Step inside to discover a thoughtfully laid-out floor plan, featuring modern aesthetics and high-end fittings. The apartment's welcoming atmosphere is ideal for relaxation and entertaining, positioning it perfectly for end-users or investors. 

Experience the vibrant lifestyle that Jumeirah Village Circle offers, with lush parks, retail hubs, and community events at your doorstep. 

For more detailed information or to schedule a viewing, contact Royce International Realty today and seize this exceptional opportunity!","Introducing an exquisite 1-bedroom apartment in Electra, set within the thriving community of Jumeirah Village Circle, District 14. This immaculate residence exemplifies modern living, featuring an expansive layout complemented by stylish finishes and abundant natural light. 

Key Highlights:
- 1 spacious bedroom, 2 elegant bathrooms
- Generous built-up area of 893 sq. ft. 
- Contemporary furnishings and design
- Panoramic views from well-appointed windows
- Ample parking spaces for residents
- Low-rise, family-friendly environment
- Strong investment potential with high rental demand

Nearby Facilities:
Nearest school: Gem International School - 1.5 km
Nearest restaurant: Caffé Nero - 500 m
Nearest airport: Dubai International Airport - 30 km

Step inside to discover a thoughtfully laid-out floor plan, featuring modern aesthetics and high-end fittings. The apartment's welcoming atmosphere is ideal for relaxation and entertaining, positioning it perfectly for end-users or investors. 

Experience the vibrant lifestyle that Jumeirah Village Circle offers, with lush parks, retail hubs, and community events at your doorstep. 

For more detailed information or to schedule a viewing, contact Royce International Realty today and seize this exceptional opportunity!",False,True,,,15756475,stunning-1-bed-prime-location-modern-finishes-15756475,5,2,"{'completionDetails': {'startDate': Decimal('1714420800.0'), 'completionDate': Decimal('1814299200.0'), 'completionPercentage': Decimal('8.0')}, 'state': 'active', 'id': 6175620, 'title': 'Electra', 'title_l1': 'أليك تر', 'title_l2': 'Electra', 'title_l3': 'Electra', 'title_l4': 'Electra', 'title_l5': 'Electra', 'title_l6': 'Electra', 'title_l7': 'Electra', 'title_l8': 'Electra', 'externalID': '1452', 'completionStatus': 'under-construction', 'agency': {'externalID': '982', 'name': 'Acube Developments', 'name_l1': 'Acube Developments', 'name_l2': 'Acube Developments', 'name_l3': 'Acube Developments', 'slug': 'acube-developments', 'slug_l1': 'acube-developments', 'slug_l2': 'acube-developments', 'slug_l3': 'acube-developments'}}",1783510515.0,1783510515.0,1786139441.0,1786141667.994786,1783510515.0,1,2,82.96241472000001,75,75,75,75,0,0,0,0,0,"{'id': 54346, 'typeIdentifier': 'type/unit', 'typeIdentifierValue': '1 / Unit 5', 'images': [{'id': 58765, 'externalID': '27378774-34f8-45b8-b8c0-1900c0504278', 'orderIndex': 4, 'image2D': {'id': 819205535}, 'image3D': {'id': 819205482}, 'label': 'Type 1 Unit 5'}], 'models': [{'id': 44165, 'externalID': '3740ad17899d470d86e5719df2ec8960', 'orderIndex': 4, 'placeholderImage': {'id': 819205483}, 'label': 'Type 1 Unit 5', 'modelURL': None}]}",0,0,1,"{'mobile': '+971521024018', 'phone': '+97142699826', 'whatsapp': '971545695868', 'proxyMobile': '+971556850467', 'phoneNumbers': ['+97142699826'], 'mobileNumbers': ['+971521024018']}","{'whatsapp': True, 'sms': True, 'email': True, 'call': True}",Dean Munro,"{'name': 'Royce International Realty', 'name_l1': 'رويسي الدولية للعقارات', 'name_l2': 'Royce International Realty', 'name_l3': 'Royce International Realty', 'id': 29841047, 'externalID': '105567', 'location': 'Dubai', 'location_l1': 'دبي', 'location_l2': '迪拜', 'location_l3': 'Дубай', 'logo': {'id': 741715564, 'url': 'https://bayut-production.s3.eu-central-1.amazonaws.com/image/741715564/f59277a6070f422e9311ece3c510605d'}, 'logoID': 741715564, 'slug': 'royce-international-realty-105567', 'slug_l1': 'royce-international-realty-105567', 'slug_l2': 'royce-international-realty-105567', 'slug_l3': 'royce-international-realty-105567', 'tr': 3, 'type': 'agency', 'objectID': 29841047, 'productScore': 2, 'active': True, 'createdAt': '2024-09-24T14:15:43+00:00', 'commercialNumber': None, 'shortNumber': None, 'licenses': [{'number': '45513', 'authority': 'RERA'}], 'product': 'premium'}",True,True,"{'status': 'verified', 'type': None, 'eligible': True, 'comment': None, 'updatedAt': Decimal('1783510529.538911'), 'verifiedAt': Decimal('1783510519.0'), 'visitedAt': None, 'trucheckedAt': Decimal('1783510519.0')}",True,furnished,"{'dldBuildingNK': 'tabu-603956126', 'dldPropertySK': '15756475'}",property,"{'saleType': 'new', 'originalPrice': None, 'paidPrice': None, 'dldWaiver': None}",under-construction,"{'startDate': Decimal('1714420800.0'), 'completionDate': Decimal('1814299200.0'), 'completionPercentage': Decimal('8.0')}",1,1,0,4,113,113,85,85,True,False,1,,,42967
