unique_id,product_name,pdp_url
8809700320812,"Retinal Shot Booster nega za obraz, 15 ml",https://www.dm.si/p/d/3114702/celimax-retinal-shot-booster-nega-za-obraz
5054563305701,"Zobna pasta Intensive Gum Repair Intense Clean, 75 ml",https://www.dm.si/p/d/3160483/parodontax-zobna-pasta-intensive-gum-repair-intense-clean
3616305279514,"Parfumska voda za ženske Vibes Smooth Pace, 30 ml",https://www.dm.si/p/d/3161799/adidas-parfumska-voda-za-zenske-vibes-smooth-pace
4027800165803,"Ščipalec za nohte na nogah, 1 kos",https://www.dm.si/p/d/3153339/wilkinson-sword-scipalec-za-nohte-na-nogah
8809700320805,"Retinol Shot serum za obraz, 30 ml",https://www.dm.si/p/d/3112782/celimax-retinol-shot-serum-za-obraz
3616305279408,"Parfumska voda za moške Vibes Wonder Force, 50 ml",https://www.dm.si/p/d/3090088/adidas-parfumska-voda-za-moske-vibes-wonder-force
5054563306111,"Zobna pasta Intensive Gum Repair White & Polish, 75 ml",https://www.dm.si/p/d/3160404/parodontax-zobna-pasta-intensive-gum-repair-white-polish
4070765057225,"Vrečka za zbiranje plenic z vonjem po malinah, 3 l, 100 kos",https://www.dm.si/p/d/1459850/babylove-odisavljene-higienske-vrecke-za-plenice
4066447967890,"Toaletni papir, 4-slojni, 10 x 200, 10 kos",https://www.dm.si/p/d/3156125/sanft-sicher-toaletni-papir-4-slojni-10-x-200
4070765006568,"Zobna pasta Sensitive Care, 125 ml",https://www.dm.si/p/d/3144503/dontodent-zobna-pasta-sensitive-care
2090000537857,"Naravna mineralna voda brez ogljikovega dioksida, 6 × 1 l, 6 l",https://www.dm.si/p/d/3135965/babylove-naravna-mineralna-voda-brez-ogljikovega-dioksida-6-1-l
4070765028126,"Žvečilni gumiji brez sladkorja z okusom grenivke, 53 kos",https://www.dm.si/p/d/3116268/dontodent-zvecilni-gumiji-brez-sladkorja-z-okusom-grenivke
4059729620019,"Maskara Hyper Length, 010 Endless Black, 11 ml",https://www.dm.si/p/d/3144786/catrice-maskara-hyper-length-010-endless-black
4070765028065,"Zobna krema Mate & Ginger, 100 ml",https://www.dm.si/p/d/3116011/dontodent-zobna-krema-mate-ginger
4066447982992,"Dišava za lase Brazilian Nights, 100 ml",https://www.dm.si/p/d/3123270/balea-disava-za-lase-brazilian-nights
4059729620033,"Vodoodporno črtalo za oči Calligraph Pro Precise Matte, 020 Espresso Brown, 1 ml",https://www.dm.si/p/d/3145236/catrice-vodoodporno-crtalo-za-oci-calligraph-pro-precise-matte-020-espresso-brown
4059729620026,"Vodoodporna maskara Hyper Length, 010 Endless Black, 11 ml",https://www.dm.si/p/d/3144787/catrice-vodoodporna-maskara-hyper-length-010-endless-black
4059729586810,"Vodoodporno črtalo za oči Hyper Liner Brush, 020 Dark Mocca, 0,52 ml",https://www.dm.si/p/d/3145238/catrice-vodoodporno-crtalo-za-oci-hyper-liner-brush-020-dark-mocca
4059729586803,"Vodoodporno črtalo za oči Hyper Liner Brush, 010 Ever Black, 0,52 ml",https://www.dm.si/p/d/3145237/catrice-vodoodporno-crtalo-za-oci-hyper-liner-brush-010-ever-black
3616307093538,"Maskara za podaljšanje trepalnic Showstopper, 8,5 ml",https://www.dm.si/p/d/3153517/bourjois-paris-maskara-za-podaljsanje-trepalnic-showstopper
3616306387768,"Slip Stick olje za ustnice, 400 Rebel, 3,4 g",https://www.dm.si/p/d/3148100/rimmel-london-slip-stick-olje-za-ustnice-400-rebel
3616306387775,"Slip Stick olje za ustnice, 150 Cappucino Light, 3,4 g",https://www.dm.si/p/d/3148107/rimmel-london-slip-stick-olje-za-ustnice-150-cappucino-light
3616306387751,"Slip Stick olje za ustnice, 200 Pouting, 3,4 g",https://www.dm.si/p/d/3148090/rimmel-london-slip-stick-olje-za-ustnice-200-pouting
3616306387737,"Slip Stick olje za ustnice, 100 One of a Kind, 3,4 g",https://www.dm.si/p/d/3148106/rimmel-london-slip-stick-olje-za-ustnice-100-one-of-a-kind
3616306387720,"Slip Stick olje za ustnice, 350 So Poppy, 3,4 g",https://www.dm.si/p/d/3148105/rimmel-london-slip-stick-olje-za-ustnice-350-so-poppy
3616306387713,"Slip Stick olje za ustnice, 300 Cappucino, 3,4 g",https://www.dm.si/p/d/3148104/rimmel-london-slip-stick-olje-za-ustnice-300-cappucino
4066447971521,"Denkmit sredstvo za odstranjevanje madežev Oxi-Power, 750 g",https://www.dm.si/p/d/3113691/denkmit-denkmit-sredstvo-za-odstranjevanje-madezev-oxi-power
4066447832792,"Šumeče tablete Immun Fit z okusom pomaranče, 20 kos",https://www.dm.si/p/d/3104246/mivolis-sumece-tablete-immun-fit-z-okusom-pomarance
4066447937848,"Sponka za lase Golden Sunlight, več različic, 1 kos",https://www.dm.si/p/d/3136753/ebelin-sponka-za-lase-golden-sunlight-vec-razlicic
3870128041042,"Damski nočni vložki AirFit, 20 kos",https://www.dm.si/p/d/2284921/we-care-damski-nocni-vlozki-airfit
4066447870831,"Vrečke za smeti, 120 l, 10 kos",https://www.dm.si/p/d/1573035/profissimo-vrecke-za-smeti-120-l
8057149556082,"Očala za branje, dioptrija: +1,50, temno modra, 1 kos",https://www.dm.si/p/d/3149393/visiomax-ocala-za-branje-dioptrija-1-50-temno-modra
4066447831535,"Vitamin C v prahu, 100 g",https://www.dm.si/p/d/3104236/mivolis-vitamin-c-v-prahu
4066447990324,"Maska za lase Golden Sunlight 3v1, 125 ml",https://www.dm.si/p/d/3136783/balea-maska-za-lase-golden-sunlight-3v1
4066447274165,"Čopič za nanos rdečila na lica, 1 kos",https://www.dm.si/p/d/1307013/ebelin-copic-za-nanos-rdecila-na-lica
4058172178443,"Kozmetične blazinice iz 100% bombaža, 30 kos",https://www.dm.si/p/d/1094186/ebelin-kozmeticne-blazinice-iz-100-bombaza
4066447935806,"WC-osvežilec Ocean, 4 kos",https://www.dm.si/p/d/3138119/denkmit-wc-osvezilec-ocean
4066447966794,"Negovalna krema You have a heart of Gold, 30 ml",https://www.dm.si/p/d/3123737/balea-negovalna-krema-you-have-a-heart-of-gold
4066447791136,"Detergent za ročno pomivanje posode Aloe Vera, 500 ml",https://www.dm.si/p/d/1673951/denkmit-detergent-za-rocno-pomivanje-posode-aloe-vera
4066447109474,"Univerzalna vlažilna krema SOFT z vitaminom E, 250 ml",https://www.dm.si/p/d/1568809/balea-univerzalna-vlazilna-krema-soft-z-vitaminom-e
4070765006629,"Zeliščna zobna pasta, 125 ml",https://www.dm.si/p/d/3138181/dontodent-zeliscna-zobna-pasta
4059729542823,"Črtalo za ustnice 8h Matte, 19 Burgundy Bestie, 0,3 g",https://www.dm.si/p/d/3088129/essence-crtalo-za-ustnice-8h-matte-19-burgundy-bestie
4066447348408,"Dišeča sveča v kozarcu z vonjem sandalovine, 1 kos",https://www.dm.si/p/d/1708862/profissimo-diseca-sveca-v-kozarcu-z-vonjem-sandalovine
9120111883598,"Bio ovseni piškoti s koncentratom višnjevega soka in izvlečkom vanilje Pujsa Pepa, 125 g",https://www.dm.si/p/d/3148109/pure-fun-bio-ovseni-piskoti-s-koncentratom-visnjevega-soka-in-izvleckom-vanilje-pujsa-pepa
4070765028201,"Žvečilni gumiji Black Shine, 53 kos",https://www.dm.si/p/d/3116384/dontodent-zvecilni-gumiji-black-shine
9000101858488,"Čistilo za WC Power Active Lemon, 750 ml",https://www.dm.si/p/d/3144533/bref-cistilo-za-wc-power-active-lemon
4070765028140,"Ustna voda Pink Lemonade, 500 ml",https://www.dm.si/p/d/3116382/dontodent-ustna-voda-pink-lemonade
9120111880474,"Bio koruzni čips Pujsa Pepa z jabolkom in korenjem, 12+ mesecev, 30 g",https://www.dm.si/p/d/1638111/pure-fun-bio-koruzni-cips-pujsa-pepa-z-jabolkom-in-korenjem-12-mesecev
4066447874129,"Nočne hlačne plenice maxi, 8-15 kg, 40 kos",https://www.dm.si/p/d/3066327/babylove-nocne-hlacne-plenice-maxi-8-15-kg
4066447784404,"Bio čičerikina moka iz sušene čičerike, fino mleta, 300 g",https://www.dm.si/p/d/1590092/dmbio-bio-cicerikina-moka-iz-susene-cicerike-fino-mleta
4042441024135,"Elastični obliži v traku z motivom rož, 20 kos",https://www.dm.si/p/d/3134290/mivolis-elasticni-oblizi-v-traku-z-motivom-roz
5713795201846,"Set igralnih obročkov Loops - Cloud, Baby Blue, Petrol, 12 kos",https://www.dm.si/p/d/1646903/bibs-set-igralnih-obrockov-loops-cloud-baby-blue-petrol
4066447168884,"Bio sadna rezina z datlji in oreški, 60 g",https://www.dm.si/p/d/1539597/dmbio-bio-sadna-rezina-z-datlji-in-oreski
4066447880564,"Pastile za grlo z islandskim lišajem z okusom mete, 40 kos",https://www.dm.si/p/d/3115328/mivolis-pastile-za-grlo-z-islandskim-lisajem-z-okusom-mete
4066447833638,"Prehransko dopolnilo Beauty Kollagen, 500 ml",https://www.dm.si/p/d/3115299/mivolis-prehransko-dopolnilo-beauty-kollagen
4066447249552,Pršilo za grlo in žrelo s slanico,https://www.dm.si/p/d/3115315/mivolis-prsilo-za-grlo-in-zrelo-s-slanico
3831070650058,"YOUNG & PURE Gel za sušenje mozoljev, 15 ml",https://www.dm.si/p/d/2244306/afrodita-young-pure-gel-za-susenje-mozoljev
4070765031157,"Bio sok aronije, 330 ml",https://www.dm.si/p/d/1446525/dmbio-bio-sok-aronije
4070765051643,"Pena za tuširanje Dark Elegance, 200 ml",https://www.dm.si/p/d/3135194/balea-men-pena-za-tusiranje-dark-elegance
4066447975949,"Hautrein osvežilne blazinice s tonikom za obraz, s salicilno kislino in cinkom, 10 kos",https://www.dm.si/p/d/3131044/balea-hautrein-osvezilne-blazinice-s-tonikom-za-obraz-s-salicilno-kislino-in-cinkom
8714789900100,"Voskana zobna nitka z aromo mete, 50 m",https://www.dm.si/p/d/2050201/elmex-voskana-zobna-nitka-z-aromo-mete
4059729588944,"Črtalo za ustnice Gel Glide Long-Lasting, 090 Toffee Talk, 1,5 g",https://www.dm.si/p/d/3115112/catrice-crtalo-za-ustnice-gel-glide-long-lasting-090-toffee-talk
4059729362582,"Vlažilna krema za obraz MAGIC All In One, ZF 10, 30 ml",https://www.dm.si/p/d/1626731/essence-vlazilna-krema-za-obraz-magic-all-in-one-zf-10
4066447994483,"Bele serviete, 3-slojni, 24 x 24 cm, 20 kos",https://www.dm.si/p/d/3110569/profissimo-bele-serviete-3-slojni-24-x-24-cm
4067796182682,"Odstranjevalec laka za nohte z oljem mareličnih pečk, 125 ml",https://www.dm.si/p/d/1629830/ebelin-odstranjevalec-laka-za-nohte-z-oljem-marelicnih-peck
4070765031133,"Bio sveže iztisnjeni korenčkov sok, mlečnokislinsko prevret, 500 ml",https://www.dm.si/p/d/1446495/dmbio-bio-sveze-iztisnjeni-korenckov-sok-mlecnokislinsko-prevret
4066447975192,"Bio korenčkov sok z limoninim sokom, z vitaminom C, po dopolnjenem 1. letu starosti, 500 ml",https://www.dm.si/p/d/1257503/babylove-bio-korenckov-sok-z-limoninim-sokom-z-vitaminom-c-po-dopolnjenem-1-letu-starosti
4210201427124,"Električna zobna ščetka Vitality Pro Protect X Clean, 1 kos",https://www.dm.si/p/d/2022914/oral-b-elektricna-zobna-scetka-vitality-pro-protect-x-clean
8700216749466,"Otroška zobna ščetka Junior, 6-12 let, 1 kos",https://www.dm.si/p/d/3064529/oral-b-otroska-zobna-scetka-junior-6-12-let
8001841063188,"Vlažni robčki sensitive, XXL pakiranje, 15 x 80, 1.200 kos",https://www.dm.si/p/d/1691425/pampers-vlazni-robcki-sensitive-xxl-pakiranje-15-x-80
3830009225077,"Eterično olje Japonska meta, 10 ml",https://www.dm.si/p/d/2277616/naturavit-etericno-olje-japonska-meta
4066447950502,"Ekološke plenice mini, velikost 2, 3–6 kg, 28 kos",https://www.dm.si/p/d/1575762/babylove-ekoloske-plenice-mini-velikost-2-3-6-kg
4067796262599,"Svinčnik za oči Kajal Perfect Precise 01, 0,3 g",https://www.dm.si/p/d/3118286/alverde-naturkosmetik-svincnik-za-oci-kajal-perfect-precise-01
4066447233186,"Maskara Volume Boost, 12 ml",https://www.dm.si/p/d/1686077/alverde-naturkosmetik-maskara-volume-boost
3830071311265,"Bio kaša z okusom maline Chufaluma, 400 g",https://www.dm.si/p/d/2199835/drobtinka-bio-kasa-z-okusom-maline-chufaluma
3859892638726,"Deodorant roll-on Purple Freshness, 50 ml",https://www.dm.si/p/d/2266247/biobaza-deodorant-roll-on-purple-freshness
4001065699754,"Strgalo za trdo kožo, 1 kos",https://www.dm.si/p/d/2031051/parsa-beauty-strgalo-za-trdo-kozo
3856020914851,"Deodorant roll-on Green Sensation, 75 ml",https://www.dm.si/p/d/3063264/biobaza-deodorant-roll-on-green-sensation
4070765012804,"Obliži Clear Up za odstranjevanje in preprečevanje nečistoč in ogrcev na predelu nosu, 3 kos",https://www.dm.si/p/d/1575810/balea-men-oblizi-clear-up-za-odstranjevanje-ogrcev-na-nosu
59099710,"Antiperspirant v stiku Clean Comfort, 50 ml",https://www.dm.si/p/d/2049246/dove-men-care-antiperspirant-v-stiku-clean-comfort
3838985887494,"Ščitniki perila Pure Cotton, 40 kos",https://www.dm.si/p/d/2290531/natura-femina-scitniki-perila-pure-cotton
4066447909814,"Negovalni gel za prhanje z bio meto in bio bergamotko, 50 ml",https://www.dm.si/p/d/1338046/alverde-naturkosmetik-negovalni-gel-za-prhanje-z-bio-meto-in-bio-bergamotko
3838985891316,"Damski nočni vložki Honestly Organic, 10 kos",https://www.dm.si/p/d/2194798/natura-femina-damski-nocni-vlozki-honestly-organic
2090000536645,"Bio mleko s 3,5 % mlečne maščobe, 12 × 1 l, 12 l",https://www.dm.si/p/d/3135478/dmbio-bio-mleko-s-3-5-mlecne-mascobe-12-1-l
3830073982975,"Ženske visoke nogavice, velikost: 39-42 (5 par), 10 kos",https://www.dm.si/p/d/3109198/pesail-zenske-visoke-nogavice-velikost-39-42-5-par
4066447983623,"Slan pirin prigrizek s sladkim krompirjem, 80 g",https://www.dm.si/p/d/3134126/dmbio-slan-pirin-prigrizek-s-sladkim-krompirjem
4066447861136,"Bio drobni polnozrnati ovseni kosmiči, 2.000 g",https://www.dm.si/p/d/1625035/dmbio-bio-drobni-polnozrnati-ovseni-kosmici
5010724527443,"Suhi šampon za temne lase Divine Dark, 200 ml",https://www.dm.si/p/d/1435905/batiste-suhi-sampon-za-temne-lase-divine-dark
4066447909968,"Sprej za prekrivanje narastka, srednje rjav, 75 ml",https://www.dm.si/p/d/3138551/reell-e-expert-sprej-za-prekrivanje-narastka-srednje-rjav
7640126195124,"Zobne ščetke PROFI Soft, 3 kos",https://www.dm.si/p/d/2079357/swissdent-zobne-scetke-profi-soft
7640126195544,"Zobne ščetke PROFI Extra Soft, 3 kos",https://www.dm.si/p/d/2275002/swissdent-zobne-scetke-profi-extra-soft
4070765019230,"Strgalo za jezik iz medicinskega nerjavečega jekla, 1 kos",https://www.dm.si/p/d/3117641/dontodent-pro-strgalo-za-jezik-iz-medicinskega-nerjavecega-jekla
4066447834055,"Dekongestivno pršilo za nos, 20 ml",https://www.dm.si/p/d/3115291/mivolis-dekongestivno-prsilo-za-nos
4066447833102,"Šumeče tablete Železo + vitamin C, 20 kos",https://www.dm.si/p/d/3104061/mivolis-sumece-tablete-zelezo-vitamin-c
8002140039713,"Zobna pasta Baking Soda, 75 ml",https://www.dm.si/p/d/2165239/pasta-del-capitano-zobna-pasta-baking-soda
8002140032219,"Zobna pasta Charcoal, 75 ml",https://www.dm.si/p/d/2164753/pasta-del-capitano-zobna-pasta-charcoal
8002140039010,"Zobna pasta Plaque & Cavities, 75 ml",https://www.dm.si/p/d/2165241/pasta-del-capitano-zobna-pasta-plaque-cavities
5054563948366,"Zobna pasta Whitening Complete Protection, 75 ml",https://www.dm.si/p/d/2283280/parodontax-zobna-pasta-whitening-complete-protection
5054563237330,"Zobna pasta Rapid Relief Whitening, 75 ml",https://www.dm.si/p/d/2110736/sensodyne-zobna-pasta-rapid-relief-whitening
3830071310756,"Bio hrustljava granola z malino in cejlonskim cimetom, 300 g",https://www.dm.si/p/d/2199836/drobtinka-bio-hrustljava-granola-z-malino-in-cejlonskim-cimetom
5060538080283,"Naravna energijska pijača, ananas & mango, 330 ml",https://www.dm.si/p/d/3071031/brite-drinks-naravna-energijska-pijaca-ananas-mango
5060538080542,"Naravna energijska pijača, rdeča pomaranča, 330 ml",https://www.dm.si/p/d/3127147/brite-drinks-naravna-energijska-pijaca-rdeca-pomaranca
4260350921400,"Bio krompirjev čips s papriko, 125 g",https://www.dm.si/p/d/1725759/heimatgut-bio-krompirjev-cips-s-papriko
4260350926566,"Bio zelenjavni čips, soljen, 100 g",https://www.dm.si/p/d/1559909/heimatgut-bio-zelenjavni-cips-soljen
3830071311067,"Presni in ekološki kakav v prahu, 180 g",https://www.dm.si/p/d/3132373/drobtinka-presni-in-ekoloski-kakav-v-prahu
4066447892406,"Bio krompirjevi njoki, brez glutena, 400 g",https://www.dm.si/p/d/3096533/dmbio-bio-krompirjevi-njoki-brez-glutena
4066447834680,"Bonboni brez sladkorja z okusom malin za svež dah, s sladili, 25 g",https://www.dm.si/p/d/3132358/mivolis-bonboni-brez-sladkorja-z-okusom-malin-za-svez-dah-s-sladili
4066447936018,"Premium plenice 7 xxl (16+ kg) - jumbo pakiranje, 60 kos",https://www.dm.si/p/d/3079133/babylove-premium-plenice-7-xxl-16-kg-jumbo-pakiranje
8001090910981,"Plenice velikost 5 - mesečno pakiranje (11-16 kg), 150 kos",https://www.dm.si/p/d/2113015/pampers-active-baby-plenice-velikost-5-mesecno-pakiranje-11-16-kg
8006540032725,"Plenice velikost 4 - mesečno pakiranje (9-14 kg), 180 kos",https://www.dm.si/p/d/2123714/pampers-active-baby-plenice-velikost-4-mesecno-pakiranje-9-14-kg
8006530223720,"Plenice velikost 3 - mesečno pakiranje (6-10 kg), 180 kos",https://www.dm.si/p/d/3134429/pampers-premium-care-plenice-velikost-3-mesecno-pakiranje-6-10-kg
8006530223669,"Plenice velikost 2 - mesečno pakiranje (4-8 kg), 204 kos",https://www.dm.si/p/d/3147144/pampers-premium-care-plenice-velikost-2-mesecno-pakiranje-4-8-kg
8006530223591,"Plenice velikost 4 - mesečno pakiranje (9-14 kg), 156 kos",https://www.dm.si/p/d/3134409/pampers-premium-care-plenice-velikost-4-mesecno-pakiranje-9-14-kg
8006530223744,"Plenice velikost 6 - mesečno pakiranje (13-18 kg), 116 kos",https://www.dm.si/p/d/3134486/pampers-premium-care-plenice-velikost-6-mesecno-pakiranje-13-18-kg
4066447984705,"Gumitvist, več različic, 1 kos",https://www.dm.si/p/d/3108780/saubar-gumitvist-vec-razlicic
9000101854497,"WC obešanka Color Auto Active Flower, 1 kos",https://www.dm.si/p/d/3144907/bref-wc-obesanka-color-auto-active-flower
4070765043600,"WC GEL Stempel Lemon, 75 ml",https://www.dm.si/p/d/3138191/denkmit-wc-gel-stempel-lemon
4066447967302,"Detergent za posodo Touch of Brazil, 500 ml",https://www.dm.si/p/d/3123830/denkmit-detergent-za-posodo-touch-of-brazil
4070765015515,"Toaletni papir balzam, 4-slojni (8 x 150 lističev), 8 kos",https://www.dm.si/p/d/3120647/sanft-sicher-toaletni-papir-balzam-4-slojni-8-x-150-listicev
4058172222757,"Hrana za odrasle pse, 60% kokoši in koščki fileja, 300 g",https://www.dm.si/p/d/1469635/dein-bestes-hrana-za-odrasle-pse-60-kokosi-in-koscki-fileja
8007229003630,"Šampon za pse z olivnim oljem, 250 ml",https://www.dm.si/p/d/2282655/vitakraft-sampon-za-pse-z-olivnim-oljem
8712695194446,"Dvostranska krtača za pse, 1 kos",https://www.dm.si/p/d/3124373/beeztees-dvostranska-krtaca-za-pse
4070765008166,"Lepilo za nohte Perfect Precision, 1 kos",https://www.dm.si/p/d/3112754/trend-t-up-lepilo-za-nohte-perfect-precision
4067796305678,"Kratke hlače proti drgnjenju stegen, bež, 42-44, 1 kos",https://www.dm.si/p/d/2970289/fascino-kratke-hlace-proti-drgnjenju-stegen-bez-42-44
