Column,Null_Count_W1,Null_%_W1,Null_Count_W2,Null_%_W2,Null_%_Diff (W2-W1)
age_of_the_product,10648,100.0,10647,100.0,0.0
alchol_by_volume,10648,100.0,10647,100.0,0.0
brand_type,10648,100.0,10647,100.0,0.0
beer_deg,10648,100.0,10647,100.0,0.0
warranty,10648,100.0,10647,100.0,0.0
usp,10648,100.0,10647,100.0,0.0
chilled,10648,100.0,10647,100.0,0.0
care_instructions,10648,100.0,10647,100.0,0.0
dietary_lifestyle,10648,100.0,10647,100.0,0.0
distributor_address,10648,100.0,10647,100.0,0.0
cooking_part,10648,100.0,10647,100.0,0.0
fit_guide,10648,100.0,10647,100.0,0.0
file_name_3,10648,100.0,10647,100.0,0.0
file_name_4,10648,100.0,10647,100.0,0.0
file_name_5,10648,100.0,10647,100.0,0.0
file_name_1,10648,100.0,10647,100.0,0.0
file_name_2,10648,100.0,10647,100.0,0.0
environmental,10648,100.0,10647,100.0,0.0
drained_weight,10648,100.0,10647,100.0,0.0
dosage_recommendation,10648,100.0,10647,100.0,0.0
frozen,10648,100.0,10647,100.0,0.0
food_preservation,10648,100.0,10647,100.0,0.0
file_name_6,10648,100.0,10647,100.0,0.0
manufacturer_address,10648,100.0,10647,100.0,0.0
multibuy_items_pricesingle,10648,100.0,10647,100.0,0.0
multi_buy_items_price_total,10648,100.0,10647,100.0,0.0
multi_buy_item_count,10648,100.0,10647,100.0,0.0
model_number,10648,100.0,10647,100.0,0.0
netcontent,10648,100.0,10647,100.0,0.0
netweight,10648,100.0,10647,100.0,0.0
importer_address,10648,100.0,10647,100.0,0.0
heel_type,10648,100.0,10647,100.0,0.0
handmade,10648,100.0,10647,100.0,0.0
heel_height,10648,100.0,10647,100.0,0.0
grape_variety,10648,100.0,10647,100.0,0.0
grade,10648,100.0,10647,100.0,0.0
nutritions,10648,100.0,10647,100.0,0.0
material_composition,10648,100.0,10647,100.0,0.0
max_heating_temperature,10648,100.0,10647,100.0,0.0
instructions,10648,100.0,10647,100.0,0.0
standard_drinks,10648,100.0,10647,100.0,0.0
store_addressid,10648,100.0,10647,100.0,0.0
special_nutrition_purpose,10648,100.0,10647,100.0,0.0
size,10648,100.0,10647,100.0,0.0
store_addressline1,10648,100.0,10647,100.0,0.0
suitable_for,10648,100.0,10647,100.0,0.0
style,10648,100.0,10647,100.0,0.0
store_suburb,10648,100.0,10647,100.0,0.0
store_state,10648,100.0,10647,100.0,0.0
store_postcode,10648,100.0,10647,100.0,0.0
store_name,10648,100.0,10647,100.0,0.0
random_weight_flag,10648,100.0,10647,100.0,0.0
promo_limit,10648,100.0,10647,100.0,0.0
producthierarchy_level7,10648,100.0,10647,100.0,0.0
producthierarchy_level6,10648,100.0,10647,100.0,0.0
producthierarchy_level5,10648,100.0,10647,100.0,0.0
promotion_valid_upto,10648,100.0,10647,100.0,0.0
promotion_type,10648,100.0,10647,100.0,0.0
promotion_price,10648,100.0,10647,100.0,0.0
promotion_description,10648,100.0,10647,100.0,0.0
receipies,10648,100.0,10647,100.0,0.0
processed_food,10648,100.0,10647,100.0,0.0
price_was,10648,100.0,10647,100.0,0.0
perfect_match,10648,100.0,10647,100.0,0.0
per_unit_sizedescription,10648,100.0,10647,100.0,0.0
percentage_discount,10648,100.0,10647,100.0,0.0
package_sizeof_sellingprice,10648,100.0,10647,100.0,0.0
occasion,10648,100.0,10647,100.0,0.0
return_address,10648,100.0,10647,100.0,0.0
servings_per_pack,10648,100.0,10647,100.0,0.0
vitamins,10648,100.0,10647,100.0,0.0
vinification_details,10648,100.0,10647,100.0,0.0
upc,10648,100.0,10647,100.0,0.0
store_addressline2,10648,100.0,10647,100.0,0.0
region,10648,100.0,10647,100.0,0.0
recycling_information,10648,100.0,10647,100.0,0.0
dimensions,10617,99.71,10615,99.7,-0.009999999999990905
flavour,10556,99.14,10554,99.13,-0.010000000000005116
tasting_note,10556,99.14,10554,99.13,-0.010000000000005116
packaging,10486,98.48,10482,98.45,-0.030000000000001137
preparationinstructions,10455,98.19,10452,98.17,-0.01999999999999602
feeding_recommendation,10397,97.64,10397,97.65,0.010000000000005116
material,10353,97.23,10357,97.28,0.04999999999999716
age_recommendations,10338,97.09,10335,97.07,-0.020000000000010232
allergens,10165,95.46,10165,95.47,0.010000000000005116
image_url_6,9962,93.56,9968,93.62,0.060000000000002274
image_url_5,9523,89.43,9533,89.54,0.10999999999999943
nutritional_information,9446,88.71,9438,88.64,-0.06999999999999318
labelling,9234,86.72,9223,86.63,-0.09000000000000341
color,8932,83.88,8937,83.94,0.060000000000002274
image_url_4,8736,82.04,8751,82.19,0.14999999999999147
variants,8656,81.29,8657,81.31,0.01999999999999602
storage_instructions,8104,76.11,8098,76.06,-0.04999999999999716
special_information,7271,68.29,7291,68.48,0.18999999999999773
image_url_3,6964,65.4,6972,65.48,0.0799999999999983
warning,6875,64.57,6860,64.43,-0.13999999999998636
country_of_origin,6692,62.85,6665,62.6,-0.25
label_information,6497,61.02,6512,61.16,0.13999999999999346
instructionforuse,5689,53.43,5669,53.25,-0.17999999999999972
features,5328,50.04,5344,50.19,0.14999999999999858
image_url_2,4433,41.63,4430,41.61,-0.020000000000003126
rating,2391,22.45,2375,22.31,-0.14000000000000057
review,2391,22.45,2375,22.31,-0.14000000000000057
ingredients,2315,21.74,2314,21.73,-0.00999999999999801
producthierarchy_level4,545,5.12,498,4.68,-0.4400000000000004
promotion_valid_from,417,3.92,396,3.72,-0.19999999999999973
price_valid_from,417,3.92,396,3.72,-0.19999999999999973
producthierarchy_level3,91,0.85,46,0.43,-0.42
producthierarchy_level2,83,0.78,38,0.36,-0.42000000000000004
currency,0,0.0,0,0.0,0.0
breadcrumb,0,0.0,0,0.0,0.0
competitor_name,0,0.0,0,0.0,0.0
brand,0,0.0,0,0.0,0.0
barcode,0,0.0,0,0.0,0.0
competitor_product_key,0,0.0,0,0.0,0.0
extraction_date,0,0.0,0,0.0,0.0
image_url_1,0,0.0,0,0.0,0.0
grammage_unit,0,0.0,0,0.0,0.0
grammage_quantity,0,0.0,0,0.0,0.0
instock,0,0.0,0,0.0,0.0
price_per_unit,0,0.0,0,0.0,0.0
product_unique_key,0,0.0,0,0.0,0.0
product_name,0,0.0,0,0.0,0.0
organictype,0,0.0,0,0.0,0.0
producthierarchy_level1,0,0.0,0,0.0,0.0
product_description,0,0.0,0,0.0,0.0
pdp_url,0,0.0,0,0.0,0.0
selling_price,0,0.0,0,0.0,0.0
site_shown_uom,0,0.0,0,0.0,0.0
regular_price,0,0.0,0,0.0,0.0
retail_limit,0,0.0,0,0.0,0.0
unique_id,0,0.0,0,0.0,0.0
