Column,Null_Count_W1,Null_%_W1,Null_Count_W2,Null_%_W2,Diff_Count (W2-W1),Diff_% (W2-W1),More_Missing_In
age_of_the_product,10648,100.0,10647,100.0,-1,0.0,Week1
alchol_by_volume,10648,100.0,10647,100.0,-1,0.0,Week1
brand_type,10648,100.0,10647,100.0,-1,0.0,Week1
beer_deg,10648,100.0,10647,100.0,-1,0.0,Week1
warranty,10648,100.0,10647,100.0,-1,0.0,Week1
usp,10648,100.0,10647,100.0,-1,0.0,Week1
chilled,10648,100.0,10647,100.0,-1,0.0,Week1
care_instructions,10648,100.0,10647,100.0,-1,0.0,Week1
dietary_lifestyle,10648,100.0,10647,100.0,-1,0.0,Week1
distributor_address,10648,100.0,10647,100.0,-1,0.0,Week1
cooking_part,10648,100.0,10647,100.0,-1,0.0,Week1
fit_guide,10648,100.0,10647,100.0,-1,0.0,Week1
file_name_3,10648,100.0,10647,100.0,-1,0.0,Week1
file_name_4,10648,100.0,10647,100.0,-1,0.0,Week1
file_name_5,10648,100.0,10647,100.0,-1,0.0,Week1
file_name_1,10648,100.0,10647,100.0,-1,0.0,Week1
file_name_2,10648,100.0,10647,100.0,-1,0.0,Week1
environmental,10648,100.0,10647,100.0,-1,0.0,Week1
drained_weight,10648,100.0,10647,100.0,-1,0.0,Week1
dosage_recommendation,10648,100.0,10647,100.0,-1,0.0,Week1
frozen,10648,100.0,10647,100.0,-1,0.0,Week1
food_preservation,10648,100.0,10647,100.0,-1,0.0,Week1
file_name_6,10648,100.0,10647,100.0,-1,0.0,Week1
manufacturer_address,10648,100.0,10647,100.0,-1,0.0,Week1
multibuy_items_pricesingle,10648,100.0,10647,100.0,-1,0.0,Week1
multi_buy_items_price_total,10648,100.0,10647,100.0,-1,0.0,Week1
multi_buy_item_count,10648,100.0,10647,100.0,-1,0.0,Week1
model_number,10648,100.0,10647,100.0,-1,0.0,Week1
netcontent,10648,100.0,10647,100.0,-1,0.0,Week1
netweight,10648,100.0,10647,100.0,-1,0.0,Week1
importer_address,10648,100.0,10647,100.0,-1,0.0,Week1
heel_type,10648,100.0,10647,100.0,-1,0.0,Week1
handmade,10648,100.0,10647,100.0,-1,0.0,Week1
heel_height,10648,100.0,10647,100.0,-1,0.0,Week1
grape_variety,10648,100.0,10647,100.0,-1,0.0,Week1
grade,10648,100.0,10647,100.0,-1,0.0,Week1
nutritions,10648,100.0,10647,100.0,-1,0.0,Week1
material_composition,10648,100.0,10647,100.0,-1,0.0,Week1
max_heating_temperature,10648,100.0,10647,100.0,-1,0.0,Week1
instructions,10648,100.0,10647,100.0,-1,0.0,Week1
standard_drinks,10648,100.0,10647,100.0,-1,0.0,Week1
store_addressid,10648,100.0,10647,100.0,-1,0.0,Week1
special_nutrition_purpose,10648,100.0,10647,100.0,-1,0.0,Week1
size,10648,100.0,10647,100.0,-1,0.0,Week1
store_addressline1,10648,100.0,10647,100.0,-1,0.0,Week1
suitable_for,10648,100.0,10647,100.0,-1,0.0,Week1
style,10648,100.0,10647,100.0,-1,0.0,Week1
store_suburb,10648,100.0,10647,100.0,-1,0.0,Week1
store_state,10648,100.0,10647,100.0,-1,0.0,Week1
store_postcode,10648,100.0,10647,100.0,-1,0.0,Week1
store_name,10648,100.0,10647,100.0,-1,0.0,Week1
random_weight_flag,10648,100.0,10647,100.0,-1,0.0,Week1
promo_limit,10648,100.0,10647,100.0,-1,0.0,Week1
producthierarchy_level7,10648,100.0,10647,100.0,-1,0.0,Week1
producthierarchy_level6,10648,100.0,10647,100.0,-1,0.0,Week1
producthierarchy_level5,10648,100.0,10647,100.0,-1,0.0,Week1
promotion_valid_upto,10648,100.0,10647,100.0,-1,0.0,Week1
promotion_type,10648,100.0,10647,100.0,-1,0.0,Week1
promotion_price,10648,100.0,10647,100.0,-1,0.0,Week1
promotion_description,10648,100.0,10647,100.0,-1,0.0,Week1
receipies,10648,100.0,10647,100.0,-1,0.0,Week1
processed_food,10648,100.0,10647,100.0,-1,0.0,Week1
price_was,10648,100.0,10647,100.0,-1,0.0,Week1
perfect_match,10648,100.0,10647,100.0,-1,0.0,Week1
per_unit_sizedescription,10648,100.0,10647,100.0,-1,0.0,Week1
percentage_discount,10648,100.0,10647,100.0,-1,0.0,Week1
package_sizeof_sellingprice,10648,100.0,10647,100.0,-1,0.0,Week1
occasion,10648,100.0,10647,100.0,-1,0.0,Week1
return_address,10648,100.0,10647,100.0,-1,0.0,Week1
servings_per_pack,10648,100.0,10647,100.0,-1,0.0,Week1
vitamins,10648,100.0,10647,100.0,-1,0.0,Week1
vinification_details,10648,100.0,10647,100.0,-1,0.0,Week1
upc,10648,100.0,10647,100.0,-1,0.0,Week1
store_addressline2,10648,100.0,10647,100.0,-1,0.0,Week1
region,10648,100.0,10647,100.0,-1,0.0,Week1
recycling_information,10648,100.0,10647,100.0,-1,0.0,Week1
dimensions,10617,99.71,10615,99.7,-2,-0.009999999999990905,Week1
flavour,10556,99.14,10554,99.13,-2,-0.010000000000005116,Week1
tasting_note,10556,99.14,10554,99.13,-2,-0.010000000000005116,Week1
packaging,10486,98.48,10482,98.45,-4,-0.030000000000001137,Week1
preparationinstructions,10455,98.19,10452,98.17,-3,-0.01999999999999602,Week1
feeding_recommendation,10397,97.64,10397,97.65,0,0.010000000000005116,Same
material,10353,97.23,10357,97.28,4,0.04999999999999716,Week2
age_recommendations,10338,97.09,10335,97.07,-3,-0.020000000000010232,Week1
allergens,10165,95.46,10165,95.47,0,0.010000000000005116,Same
image_url_6,9962,93.56,9968,93.62,6,0.060000000000002274,Week2
image_url_5,9523,89.43,9533,89.54,10,0.10999999999999943,Week2
nutritional_information,9446,88.71,9438,88.64,-8,-0.06999999999999318,Week1
labelling,9234,86.72,9223,86.63,-11,-0.09000000000000341,Week1
color,8932,83.88,8937,83.94,5,0.060000000000002274,Week2
image_url_4,8736,82.04,8751,82.19,15,0.14999999999999147,Week2
variants,8656,81.29,8657,81.31,1,0.01999999999999602,Week2
storage_instructions,8104,76.11,8098,76.06,-6,-0.04999999999999716,Week1
special_information,7271,68.29,7291,68.48,20,0.18999999999999773,Week2
image_url_3,6964,65.4,6972,65.48,8,0.0799999999999983,Week2
warning,6875,64.57,6860,64.43,-15,-0.13999999999998636,Week1
country_of_origin,6692,62.85,6665,62.6,-27,-0.25,Week1
label_information,6497,61.02,6512,61.16,15,0.13999999999999346,Week2
instructionforuse,5689,53.43,5669,53.25,-20,-0.17999999999999972,Week1
features,5328,50.04,5344,50.19,16,0.14999999999999858,Week2
image_url_2,4433,41.63,4430,41.61,-3,-0.020000000000003126,Week1
rating,2391,22.45,2375,22.31,-16,-0.14000000000000057,Week1
review,2391,22.45,2375,22.31,-16,-0.14000000000000057,Week1
ingredients,2315,21.74,2314,21.73,-1,-0.00999999999999801,Week1
producthierarchy_level4,545,5.12,498,4.68,-47,-0.4400000000000004,Week1
promotion_valid_from,417,3.92,396,3.72,-21,-0.19999999999999973,Week1
price_valid_from,417,3.92,396,3.72,-21,-0.19999999999999973,Week1
producthierarchy_level3,91,0.85,46,0.43,-45,-0.42,Week1
producthierarchy_level2,83,0.78,38,0.36,-45,-0.42000000000000004,Week1
currency,0,0.0,0,0.0,0,0.0,Same
breadcrumb,0,0.0,0,0.0,0,0.0,Same
competitor_name,0,0.0,0,0.0,0,0.0,Same
brand,0,0.0,0,0.0,0,0.0,Same
barcode,0,0.0,0,0.0,0,0.0,Same
competitor_product_key,0,0.0,0,0.0,0,0.0,Same
extraction_date,0,0.0,0,0.0,0,0.0,Same
image_url_1,0,0.0,0,0.0,0,0.0,Same
grammage_unit,0,0.0,0,0.0,0,0.0,Same
grammage_quantity,0,0.0,0,0.0,0,0.0,Same
instock,0,0.0,0,0.0,0,0.0,Same
price_per_unit,0,0.0,0,0.0,0,0.0,Same
product_unique_key,0,0.0,0,0.0,0,0.0,Same
product_name,0,0.0,0,0.0,0,0.0,Same
organictype,0,0.0,0,0.0,0,0.0,Same
producthierarchy_level1,0,0.0,0,0.0,0,0.0,Same
product_description,0,0.0,0,0.0,0,0.0,Same
pdp_url,0,0.0,0,0.0,0,0.0,Same
selling_price,0,0.0,0,0.0,0,0.0,Same
site_shown_uom,0,0.0,0,0.0,0,0.0,Same
regular_price,0,0.0,0,0.0,0,0.0,Same
retail_limit,0,0.0,0,0.0,0,0.0,Same
unique_id,0,0.0,0,0.0,0,0.0,Same
